family_name_1,given_name_1,family_name_2,given_name_2,year,field,subfield,type,unrecognized?,reference
Abel,Niels,Jacobi,Carl,,Mathematics,Geometry,map,,https://en.wikipedia.org/wiki/Abel–Jacobi_map
Abel,Niels,Plana,Giovanni,1820,Mathematics,,formula,,https://en.wikipedia.org/wiki/Abel–Plana_formula
Abel,Niels,Ruffini,Paolo,1824,Mathematics,,theorem,,https://en.wikipedia.org/wiki/Abel–Ruffini_theorem
Aharonov,Yakir,Bohm,David,1949,Physics,Quantum Mechanics,effect,Werner Ehrenberg and Raymond Siday,https://en.wikipedia.org/wiki/Aharonov–Bohm_effect
Aharonov,Yakir,Casher,Aharon,1984,Physics,Quantum Mechanics,effect,,https://en.wikipedia.org/wiki/Aharonov–Casher_effect
Atiyah,Michael,Segal,Graeme,1969,Mathematics,Group Theory,theorem,,https://en.wikipedia.org/wiki/Atiyah–Segal_completion_theorem
Atiyah,Michael,Singer,Isadore,1963,Mathematics,,theorem,,https://en.wikipedia.org/wiki/Atiyah–Singer_index_theorem
Barsotti,Iacopo,Tate,John,1962,Mathematics,Group Theory,group,,https://en.wikipedia.org/wiki/Barsotti–Tate_group
Bass,Hyman,Quillen,Daniel,1976,Mathematics,,conjecture,,https://en.wikipedia.org/wiki/Bass–Quillen_conjecture
Bass,Hyman,Serre,Jean-Pierre,,Mathematics,Group Theory,theory,,https://en.wikipedia.org/wiki/Bass–Serre_theory
Batchelor,George,Chandrasekhar,Subrahmanyan,1946,,,equation,,https://en.wikipedia.org/wiki/Batchelor–Chandrasekhar_equation
Beer,August,Lambert,Johann,1729,Physics,Optics,law,Pierre Bouguer,https://en.wikipedia.org/wiki/Beer–Lambert_law
Beltrami,Eugenio,Klein,Felix,1868,Mathematics,Geometry,model,,https://en.wikipedia.org/wiki/Beltrami–Klein_model
Bernal,John,Fowler,Ralph,1933,Chemistry,,rule,,https://en.wikipedia.org/wiki/Ice_rules
Bernstein,Joseph,Sato,Mikio,1971,Mathematics,,polynomial,Takuro Shintani,https://en.wikipedia.org/wiki/Bernstein–Sato_polynomial
Bernstein,Sergei,von Mises,Richard,1949,Mathematics,Probability/Statistics,theorem,Joseph Doob,https://en.wikipedia.org/wiki/Bernstein–von_Mises_theorem
Bethe,Hans,Salpeter,Edwin,1950,Physics,Quantum Mechanics,equation,Nambu,https://en.wikipedia.org/wiki/Bethe–Salpeter_equation
Bethe,Hans,Slater,John,1930,Physics,Quantum Mechanics,curve,,https://en.wikipedia.org/wiki/Bethe–Slater_curve
Biot,Jean-Baptiste,Savart,Félix,1820,Physics,Electromagnetism,law,,https://en.wikipedia.org/wiki/Biot–Savart_law
Bose,Satyendra,Einstein,Albert,1924,Physics,Condensed Matter,state of matter,,https://en.wikipedia.org/wiki/Bose–Einstein_condensate
Bohr,Niels,van Leeuwen,Hendrika,1911,Physics,Magnetism,theorem,,https://en.wikipedia.org/wiki/Bohr–van_Leeuwen_theorem
Bolzano,Bernard,Weierstrass,Karl,1817,Mathematics,Analysis,theorem,,https://en.wikipedia.org/wiki/Bolzano–Weierstrass_theorem
Born,Max,Haber,Fritz,1919,Chemistry,,thermodynamic cycle,,https://en.wikipedia.org/wiki/Born–Haber_cycle
Born,Max,Huang,Kun,1954,Physics,Quantum Mechanics,approximation,,https://en.wikipedia.org/wiki/Born–Huang_approximation
Born,Max,Oppenheimer,Robert,1927,Physics,Quantum Mechanics,approximation,,https://en.wikipedia.org/wiki/Born–Oppenheimer_approximation
Born,Max,von Kármán,Theodore,1912,Physics,Solid-State Physics,boundary condition,,https://en.wikipedia.org/wiki/Born–von_Karman_boundary_condition
Box,George,Cox,David,1964,Mathematics,Probability/Statistics,transform,,https://en.wikipedia.org/wiki/Power_transform#Box–Cox_transformation
Box,George,Jenkins,Gwilym,1970,Mathematics,Probability/Statistics,method,,https://en.wikipedia.org/wiki/Box–Jenkins_method
Box,George,Muller,Mervin,1958,Mathematics,Probability/Statistics,transform,"Raymond Paley, Norbert Weiner",https://en.wikipedia.org/wiki/Box–Muller_transform
Brunn,Hermann,Minkowski,Hermann,1887,Mathematics,Germany,theorem,,https://en.wikipedia.org/wiki/Brunn–Minkowski_theorem
Butler,John,Volmer,Max,1930,Chemistry,Electrochemistry,equation,Erdey-Grúz,
Cahen,Eugène,Mellin,Hjalmar,1894,Mathematics,Analysis,integral,,https://en.wikipedia.org/wiki/Mellin_transform#Cahen–Mellin_integral
Cardano,Gerolamo,Tartaglia,Niccolò,,Mathematics,,formula,,https://en.wikipedia.org/wiki/Cubic_equation#Cardano's_formula
Carnahan,Norman,Starling,Kenneth,1969,Physics,Statistical Mechanics,equation of state,,http://www.sklogwiki.org/SklogWiki/index.php/Carnahan-Starling_equation_of_state
Cartan,Élie,Dieudonné,Jean,,Mathematics,,theorem,,https://en.wikipedia.org/wiki/Cartan–Dieudonné_theorem
Cartan,Élie,Hadamard,Jacques,1881,Mathematics,,theorem,Hans Carl Friedrich von Mangoldt,https://en.wikipedia.org/wiki/Cartan–Hadamard_theorem
Cartan,Élie,Kähler,Erich,,Mathematics,,theorem,,https://en.wikipedia.org/wiki/Cartan–Kähler_theorem
Cartan,Élie,Karlhede,Anders,,Mathematics,,algorithm,Carl Brans,https://en.wikipedia.org/wiki/Cartan–Karlhede_algorithm
Cartan,Élie,Kuranishi,Masatake,1957,Mathematics,,theorem,,https://en.wikipedia.org/wiki/Cartan–Kuranishi_prolongation_theorem
Cartier,Pierre,Manin,Yuri,,Mathematics,,operator,,https://en.wikipedia.org/wiki/Hasse–Witt_matrix#Cohomology
Casorati,Felice,Weierstrass,Karl,1859,Mathematics,Analysis,theorem,"Sokhotski, Briot, Bouquet",https://en.wikipedia.org/wiki/Casorati–Weierstrass_theorem
Castelnuovo,Guido,de Franchis,Michele,,Mathematics,,theorem,,https://en.wikipedia.org/wiki/Castelnuovo–de_Franchis_theorem
Castelnuovo,Guido,Mumford,David,1893,Mathematics,,regularity,,https://en.wikipedia.org/wiki/Castelnuovo–Mumford_regularity
Cauchy,Augustin,Born,Max,,Engineering,Mechanics,rule,,https://en.wikipedia.org/wiki/Cauchy–Born_rule
Cauchy,Augustin,Green,George,1839,Engineering,Mechanics,tensor,,https://en.wikipedia.org/wiki/Finite_strain_theory#The_right_Cauchy–Green_deformation_tensor
Cauchy,Augustin,Hadamard,Jacques,1821,Mathematics,Analysis,theorem,,https://en.wikipedia.org/wiki/Cauchy–Hadamard_theorem
Cauchy,Augustin,Kovalevskaya,Sofya,1875,Mathematics,,theorem,,https://en.wikipedia.org/wiki/Cauchy–Kowalevski_theorem
Cauchy,Augustin,Lipschitz,Rudolf,,Mathematics,Differential Equations,theorem,,https://en.wikipedia.org/wiki/Picard–Lindelöf_theorem
Cauchy,Augustin,Riemann,Bernhard,1752,Mathematics,Analysis,equation,d’Alembert,https://en.wikipedia.org/wiki/Cauchy–Riemann_equations
Cauchy,Augustin,Schwarz,Hermann,1821,Mathematics,,inequality,Viktor Bunyakovsky,https://en.wikipedia.org/wiki/Cauchy–Schwarz_inequality
Cayley,Arthur,Bacharach,Isaak,1886,Mathematics,,theorem,Michel Chasles,https://en.wikipedia.org/wiki/Cayley–Bacharach_theorem
Cayley,Arthur,Dickson,Leonard,,Mathematics,Algebra,construction,,https://en.wikipedia.org/wiki/Cayley–Dickson_construction
Cayley,Arthur,Hamilton,William,1853,Mathematics,Algebra,theorem,,https://en.wikipedia.org/wiki/Cayley–Hamilton_theorem
Cayley,Arthur,Klein,Felix,1859,Mathematics,Geometry,metric,,https://en.wikipedia.org/wiki/Cayley–Klein_metric
Cayley,Arthur,Menger,Karl,,Mathematics,,determinant,,https://en.wikipedia.org/wiki/Cayley–Menger_determinant
Cayley,Arthur,Purser,Michael,1999,Mathematics,Cryptography,algorithm,Sarah Flannery,https://en.wikipedia.org/wiki/Cayley–Purser_algorithm
Chandrasekhar,Subrahmanyan,Kendall,PC,1957,Mathematics,,function,,https://en.wikipedia.org/wiki/Chandrasekhar–Kendall_function
Chandrasekhar,Subrahmanyan,Page,Don,1976,Physics,Astrophysics,equation,N. Toop,https://en.wikipedia.org/wiki/Chandrasekhar–Page_equations
Chapman,Sydney,Enskog,David,1916,Physics,Statistical Mechanics,theory,,https://en.wikipedia.org/wiki/Chapman–Enskog_theory
Chapman,David,Jouguet,Émile,1905,Engineering,,condition,,https://en.wikipedia.org/wiki/Chapman–Jouguet_condition
Church,Alonzo,Kleene,Stephen,1937,Mathematics,,ordinal,,https://en.wikipedia.org/wiki/Church–Kleene_ordinal
Church,Alonzo,Rosser,John,1936,Mathematics,,theorem,,https://en.wikipedia.org/wiki/Church–Rosser_theorem
Church,Alonzo,Turing,Alan,1936,Mathematics,,thesis,,https://en.wikipedia.org/wiki/Church–Turing_thesis
Clausius,Rudolf,Clapeyron,Benoît,,Physics,Thermodynamics,relation,,https://en.wikipedia.org/wiki/Clausius–Clapeyron_relation
Clausius,Rudolf,Duhem,Pierre,,Physics,Thermodynamics,inequality,,https://en.wikipedia.org/wiki/Clausius–Duhem_inequality
Clebsch,Alfred,Gordan,Paul,,Mathematics,Representation Theory,coefficient,,https://en.wikipedia.org/wiki/Clebsch–Gordan_coefficients
Cramér,Harald,Rao,Calyampudi,1946,Mathematics,Probability/Statistics,bound,"Maurice Fréchet, Georges Darmois, Alexander Aitken and Harold Silverstone",https://en.wikipedia.org/wiki/Cramér–Rao_bound#cite_note-Cramér-1
Cramér,Harald,von Mises,Richard,1930,Mathematics,Probability/Statistics,criterion,,https://en.wikipedia.org/wiki/Cramér–von_Mises_criterion
Cramér,Harald,Wold,Herman,1936,Mathematics,Probability/Statistics,theorem,,https://en.wikipedia.org/wiki/Cramér–Wold_theorem
Crank,John,Nicolson,Phyllis,1947,Mathematics,Numerics,method,,https://en.wikipedia.org/wiki/Crank–Nicolson_method
Curie,Pierre,Weiss,Pierre,1940,Physics,Magnetism,Law,,https://www.merriam-webster.com/dictionary/Curie-Weiss%20law
d’Alembert,Jean,Euler,Leonhard,1752,Mathematics,,equation,,https://encyclopediaofmath.org/wiki/Cauchy-Riemann_equations
Darrieus,Georges,Landau,Lev,1938,,,instability,,https://en.wikipedia.org/wiki/Darrieus–Landau_instability
Darwin,Charles G,Fowler,Ralph,1922,Physics,Statistical Mechanics,method,,https://en.wikipedia.org/wiki/Darwin–Fowler_method
de Broglie,Louis,Bohm,David,1952,Physics,Quantum Mechanics,theory,,https://en.wikipedia.org/wiki/de_Broglie–Bohm_theory
de Haas,Wander,van Alphen,Pieter,1930,Physics,Magnetism,effect,,https://en.wikipedia.org/wiki/de_Haas–van_Alphen_effect#History
de Moivre,Abraham,Laplace,Pierre-Simon,1738,Mathematics,Probability/Statistics,theorem,,https://en.wikipedia.org/wiki/de_Moivre–Laplace_theorem
Debye,Peter,Waller,Ivar,1913,Physics,Solid-State Physics,factor,,https://www.oxfordreference.com/view/10.1093/oi/authority.20110803095705269
Debye,Peter,Hückel,Erich,1923,Chemistry,Electrochemistry,equation,,https://en.wikipedia.org/wiki/Debye–Hückel_equation
Deligne,Pierre,Lusztig,George,1976,Mathematics,Group Theory,theory,,https://en.wikipedia.org/wiki/Deligne–Lusztig_theory
Deligne,Pierre,Mumford,David,1969,Mathematics,Geometry,,,https://en.wikipedia.org/wiki/Moduli_of_algebraic_curves#cite_note-:0-1
Denjoy,Arnaud,Carleman,Torsten,1926,Mathematics,,,,https://en.wikipedia.org/wiki/Quasi-analytic_function#The_Denjoy–Carleman_theorem
Denjoy,Arnaud,Koksma,Jurjen,1979,Mathematics,,,Michael-Robert Herman,https://en.wikipedia.org/wiki/Denjoy–Koksma_inequality
Denjoy,Arnaud,Luzin,Nikolai,1912,Mathematics,,,,https://en.wikipedia.org/wiki/Denjoy–Luzin_theorem
Denjoy,Arnaud,Riesz,Frigyes,1906,Mathematics,Topology,,,https://en.wikipedia.org/wiki/Denjoy–Riesz_theorem
Denjoy,Arnaud,Wolff,Julius,1926,Mathematics,,,,https://en.wikipedia.org/wiki/Denjoy–Wolff_theorem
Dieudonné,Jean,Manin,Yuri,1955,Mathematics,,,,https://en.wikipedia.org/wiki/Dieudonné_module#Dieudonné–Manin_classification_theorem
Dini,Ulisse,Lipschitz,Rudolf,1872,Mathematics,,,,https://en.wikipedia.org/wiki/Dini–Lipschitz_criterion
Dirac,Paul,von Neumann,John,1930,Physics,Quantum Mechanics,,,https://en.wikipedia.org/wiki/Dirac–von_Neumann_axioms
Donsker,Monroe,Varadhan,Sathamangalam,1983,Mathematics,Information Theory,,,https://math.stackexchange.com/questions/3640450/reconciling-donsker-varadhan-definition-of-kl-divergence-with-the-usual-defini
Drude,Paul,Lorentz,Hendrik,,,,,,
Drude,Paul,Sommerfeld,Arnold,1927,Physics,Solid-State Physics,,,https://en.wikipedia.org/wiki/Free_electron_model
Duhem,Pierre,Margules,Max,,Physics,Thermodynamics,,,https://en.wikipedia.org/wiki/Duhem–Margules_equation
Einstein,Albert,Cartan,Élie,1922,Physics,,,,https://en.wikipedia.org/wiki/Einstein–Cartan_theory
Einstein,Albert,de Haas,Wander,1908,Physics,Magnetism,,Owen Richardson,https://en.wikipedia.org/wiki/Einstein–de_Haas_effect
Einstein,Albert,Hilbert,David,1915,Physics,Relativity,,,https://en.wikipedia.org/wiki/Einstein–Hilbert_action
Einstein,Albert,Smoluchowski,Marian,,,,,,
Emden,Robert,Chandrasekhar,Subrahmanyan,1907,Physics,Astrophysics,,,https://en.wikipedia.org/wiki/Emden–Chandrasekhar_equation
Euclid,,Mullin,Albert,1963,Mathematics,Number Theory,,,https://en.wikipedia.org/wiki/Euclid–Mullin_sequence
Euler,Leonhard,Cauchy,Augustin,,Engineering,Mechanics,,,https://en.wikipedia.org/wiki/Cauchy_stress_tensor#Euler–Cauchy_stress_principle_–_stress_vector
Euler,Leonhard,Lagrange,Joseph-Louis,1755,Mathematics,,,,https://en.wikipedia.org/wiki/Euler–Lagrange_equation
Euler,Leonhard,Lotka,Alfred,1911,Social Sciences,Demographics,,,https://en.wikipedia.org/wiki/Euler–Lotka_equation
Euler,Leonhard,Bernoulli,Daniel,1750,Engineering,Mechanics,,,https://en.wikipedia.org/wiki/Euler–Bernoulli_beam_theory
Euler,Leonhard,Maclaurin,Colin,1735,Mathematics,,,,https://en.wikipedia.org/wiki/Euler–Maclaurin_formula
Euler,Leonhard,Mascheroni,Lorenzo,1734,Mathematics,,,,
Euler,Leonhard,Maruyama,Gisiro,,Mathematics,Numerics,,,
Farrell,Thomas,Jones,Lowell,1993,Mathematics,Group Theory,,,https://en.wikipedia.org/wiki/Farrell–Jones_conjecture
Fekete,Michael,Szegö,Gábor,1933,Mathematics,Analysis,,,https://en.wikipedia.org/wiki/Fekete–Szegő_inequality
Fermi,Enrico,Dirac,Paul,1926,Physics,Quantum Mechanics,,,https://en.wikipedia.org/wiki/Fermi–Dirac_statistics#History
Fischer,Franz,Tropsch,Hans,1925,Chemistry,,,,https://en.wikipedia.org/wiki/Fischer–Tropsch_process
Flory,Paul,Huggins,,,Chemistry,Polymers,,,
Flory,Paul,Fox,Thomas,1950,Chemistry,Polymers,,,https://en.wikipedia.org/wiki/Flory–Fox_equation
Flory,Paul,Rehner,John,1943,Chemistry,Polymers,,,https://en.wikipedia.org/wiki/Flory–Rehner_equation
Flory,Paul,Schulz,Günter,1936,Chemistry,Polymers,,,https://en.wikipedia.org/wiki/Flory–Schulz_distribution
Flory,Paul,Stockmayer,Walter,1941,Chemistry,Polymers,,,https://en.wikipedia.org/wiki/Flory–Stockmayer_theory
Fokker,Adriaan,Planck,Max,1914,Physics,Statistical Mechanics,,,https://en.wikipedia.org/wiki/Fokker–Planck_equation
Fourier,Joseph,Bessel,Friedrich,,Mathematics,,,,https://en.wikipedia.org/wiki/Fourier–Bessel_series
Fourier,Joseph,Deligne,Pierre,1976,Mathematics,Geometry,,,https://en.wikipedia.org/wiki/Fourier–Deligne_transform
Fourier,Joseph,Motzkin,Theodore,1827,Mathematics,,,,https://en.wikipedia.org/wiki/Fourier–Motzkin_elimination
Fourier,Joseph,Mukai,Shigeru,1981,Mathematics,,,,https://en.wikipedia.org/wiki/Fourier–Mukai_transform
Franck,James,Condon,Edward,1926,Chemistry,Quantum Chemistry,,,https://en.wikipedia.org/wiki/Franck–Condon_principle#cite_note-1
Franck,James,Hertz,Gustav,1914,Physics,Quantum Mechanics,,,https://en.wikipedia.org/wiki/Franck–Hertz_experiment
Frenkel,Yakov,Kontorova,Tatiana,1938,Physics,,,,https://en.wikipedia.org/wiki/Frenkel–Kontorova_model
Fresnel,Augustin-Jean,Arago,François,,Physics,Optics,,,https://en.wikipedia.org/wiki/Fresnel–Arago_laws
Gamow,George,Teller,Edward,1936,Physics,,,,https://en.wikipedia.org/wiki/Beta_decay_transition
Gauss,Carl,Bonnet,Pierre,1900,Mathematics,Geometry,,,https://encyclopediaofmath.org/wiki/Gauss-Bonnet_theorem
Gauss,Carl,Hermite,Charles,,,,,,
Gauss,Carl,Jacobi,Carl,,Mathematics,Numerics,,,https://en.wikipedia.org/wiki/Gauss–Jacobi_quadrature
Gauss,Carl,Jordan,Wilhelm,1777,Mathematics,Algebra,,Chinese mathematicians?,https://en.wikipedia.org/wiki/Gaussian_elimination
Gauss,Carl,Kronrod,Alexander,1964,Mathematics,Numerics,,,
Gauss,Carl,Legendre,Adrien-Marie,,Mathematics,Number Theory,,,
Gauss,Carl,Manin,Yuri,1958,Mathematics,,,,https://en.wikipedia.org/wiki/Gauss–Manin_connection
Gauss,Carl,Seidel,Philipp,1823,Mathematics,Algebra,,,https://en.wikipedia.org/wiki/Gauss–Seidel_method
Gell-Mann,Murray,Nishijima,Kazuhiko,1953,Physics,Particle Physics,,Nakano,https://en.wikipedia.org/wiki/Gell-Mann–Nishijima_formula
Gell-Mann,Murray,Okubo,Susumu,1961,Physics,Particle Physics,,,https://en.wikipedia.org/wiki/Gell-Mann–Okubo_mass_formula
Gibbons,Gary,Hawking,Stephen,1978,Physics,Relativity,,,https://en.wikipedia.org/wiki/Gibbons–Hawking_ansatz
Gibbs,Josiah,Duhem,Pierre,,Physics,Thermodynamics,,,
Gibbs,Josiah,Helmholtz,Hermann,,Physics,Thermodynamics,,,
Gibbs,Josiah,Marangoni,Carlo,1855,Engineering,Fluid Mechanics,,James Thomson,https://en.wikipedia.org/wiki/Marangoni_effect
Gouy,Louis,Chapman,David,1910,Chemistry,Electronics,,,https://en.wikipedia.org/wiki/Double_layer_(surface_science)#Gouy–Chapman
Gram,Jørgen,Charlier,Carl,,Mathematics,Probability/Statistics,,,https://en.wikipedia.org/wiki/Edgeworth_series
Gram,Jørgen,Schmidt,Erhard,,Mathematics,Algebra,,Pierre-Simon Laplace,https://en.wikipedia.org/wiki/Gram–Schmidt_process
Grassmann,Hermann,Cayley,Arthur,,Mathematics,Algebra,algebra,,https://en.wikipedia.org/wiki/Grassmann–Cayley_algebra
Green,Melville,Kubo,Ryogo,1954,Physics,Thermodynamics,,,https://en.wikipedia.org/wiki/Green–Kubo_relations
Grimm,Hans,Sommerfeld,Arnold,1926,Chemistry,Solid-State Chemistry,,,https://en.wikipedia.org/wiki/Grimm–Sommerfeld_rule
Haag,Rudolf,Kastler,Daniel,1964,Physics,Quantum Field Theory,,,https://en.wikipedia.org/wiki/Local_quantum_field_theory
Haag,Rudolf,Ruelle,David,1958,Physics,Quantum Field Theory,,,https://en.wikipedia.org/wiki/Wightman_axioms
Haber,Fritz,Weiss,Joseph,1932,Chemistry,,,,
Haber,Fritz,Bosch,Carl,1909,Chemistry,,,,
Hagen,Gotthilf,Poiseuille,Jean,1838,Engineering,Fluid Mechanics,,,https://en.wikipedia.org/wiki/Hagen–Poiseuille_equation
Hamilton,William,Jacobi,Carl,1842,,,,,http://www.scholarpedia.org/article/Hamilton-Jacobi_equation#History
Hardy,Godfrey,Littlewood,John,1923,Mathematics,Number Theory,,,https://en.wikipedia.org/wiki/Second_Hardy–Littlewood_conjecture
Hardy,Godfrey,Ramanujan,Srinivasa,1918,Mathematics,Number Theory,,,https://en.wikipedia.org/wiki/Partition_function_(number_theory)#Approximation_formulas
Hardy,Godfrey,Weinberg,Wilhelm,1908,Biology,Genetics,,,https://en.wikipedia.org/wiki/Hardy–Weinberg_principle
Hartle,James,Hawking,Stephen,1983,Physics,Cosmology,,,https://en.wikipedia.org/wiki/Hartle–Hawking_state
Hartree,Douglas,Fock,Vladimir,1935,Physics,Quantum Mechanics,,,
Hasse,Helmut,Minkowski,Hermann,,Mathematics,Number Theory,,,https://en.wikipedia.org/wiki/Hasse–Minkowski_theorem
Heaviside,Oliver,Feynman,Richard,,Physics,Electromagnetism,,,https://en.wikipedia.org/wiki/Jefimenko%27s_equations#Heaviside–Feynman_formula
Heitler,Walter,London,Fritz,1927,Chemistry,Quantum Chemistry,,,https://en.wikipedia.org/wiki/Valence_bond_theory
Hellmann,Hans,Feynman,Richard,1932,Physics,Quantum Mechanics,,"Güttinger, Pauli",https://en.wikipedia.org/wiki/Hellmann–Feynman_theorem
Helmholtz,Hermann,Kohlrausch,V. A.,1935,Biology,,,,https://en.wikipedia.org/wiki/Helmholtz–Kohlrausch_effect
Hermite,Charles,Hadamard,Jacques,,Mathematics,,inequality,,https://en.wikipedia.org/wiki/Hermite–Hadamard_inequality
Hermite,Charles,Lindemann,Ferdinand,1882,Mathematics,Number Theory,theorem,Karl Weierstrass,https://en.wikipedia.org/wiki/Lindemann–Weierstrass_theorem
Hermite,Charles,Minkowski,Hermann,,Mathematics,Number Theory,,,https://en.wikipedia.org/wiki/Hermite–Minkowski_theorem
Hertz,Heinrich,Knudsen,Martin,,Chemistry,,,,https://en.wikipedia.org/wiki/Hertz–Knudsen_equation
Hilbert,David,Mumford,David,,Mathematics,,,,https://en.wikipedia.org/wiki/Hilbert–Mumford_criterion
Hilbert,David,Poincaré,Henri,,Mathematics,Algebra,,,https://en.wikipedia.org/wiki/Hilbert–Poincaré_series
Hilbert,David,Pólya,George,1982,Mathematics,,,,https://en.wikipedia.org/wiki/Hilbert–Pólya_conjecture
Hilbert,David,Schmidt,Eberhard,,Mathematics,,,,https://en.wikipedia.org/wiki/Hilbert–Schmidt_operator
Hlawka,Edmund,Zaremba,Stanisław,,Mathematics,,,,https://en.wikipedia.org/wiki/Low-discrepancy_sequence#The_formula_of_Hlawka–Zaremba
Hodge,William,Tate,John,1967,Mathematics,Group Theory,module,Jean-Pierre Serre,https://en.wikipedia.org/wiki/Hodge–Tate_module
Hohenberg,Pierre,Kohn,Walter,1964,Physics,Quantum Mechanics,,,
Holstein,Theodore,Herring,Conyers,1952,,,,,https://en.wikipedia.org/wiki/Holstein–Herring_method
Horrocks,Geoffrey,Mumford,David,1973,Mathematics,Geometry,,,https://en.wikipedia.org/wiki/Horrocks–Mumford_bundle
Huang,Kun,Rhys,A,1950,Physics,Solid-State Physics,,,
Huygens,Christiaan,Fresnel,Augustin-Jean,,Physics,Optics,,,https://en.wikipedia.org/wiki/Huygens–Fresnel_principle
Huygens,Christiaan,Steiner,Jakob,,Physics,Mechanics,,,https://en.wikipedia.org/wiki/Parallel_axis_theorem
Jahn,Hermann,Teller,Edward,1937,Physics,Solid-State Physics,,,https://en.wikipedia.org/wiki/Jahn–Teller_effect
Jefimenko,Oleg,Feynman,Richard,,Physics,Electromagnetism,,,https://en.wikipedia.org/wiki/Jefimenko%27s_equations#Heaviside–Feynman_formula
Jessen,Børge,Wintner,Aurel,1935,Mathematics,Probability/Statistics,,,https://en.wikipedia.org/wiki/Jessen–Wintner_theorem
Johnson,John,Nyquist,Harry,1926,Engineering,Electronics,,,https://en.wikipedia.org/wiki/Johnson–Nyquist_noise#History
Jordan,Camille,Brouwer,Luitzen,1911,Mathematics,Topology,,Henri Lebesgue,https://en.wikipedia.org/wiki/Jordan_curve_theorem#Proof_and_generalizations
Jordan,Camille,Hölder,Otto,,Mathematics,,,,https://en.wikipedia.org/wiki/Composition_series#Uniqueness:_Jordan–Hölder_theorem
Jordan,Pascual,Wigner,Eugene,,Physics,Quantum Mechanics,,,https://en.wikipedia.org/wiki/Jordan–Wigner_transformation
Kadison,Richard,Kaplansky,Irving,,Mathematics,,,,https://en.wikipedia.org/wiki/Kaplansky%27s_conjectures
Kadison,Richard,Kastler,Daniel,1972,Mathematics,,,,https://en.wikipedia.org/wiki/Kadison–Kastler_metric
Kadison,Richard,Singer,Isadore,1959,Mathematics,,,,https://en.wikipedia.org/wiki/Kadison–Singer_problem
Kähler,Erich,Einstein,Albert,,Mathematics,Geometry,,,https://en.wikipedia.org/wiki/Kähler–Einstein_metric
Kaluza,Theodor,Klein,Oskar,1919,Physics,Particle Physics,,,https://en.wikipedia.org/wiki/Kaluza–Klein_theory
Kapitza,Peter,Dirac,Paul,1933,Physics,Quantum Mechanics,,,https://en.wikipedia.org/wiki/Kapitsa–Dirac_effect
Kazhdan,David,Lusztig,George,1979,Mathematics,Representation Theory,,,https://en.wikipedia.org/wiki/Kazhdan–Lusztig_polynomial
Kazhdan,David,Margulis,Grigory,1968,Mathematics,,,,https://en.wikipedia.org/wiki/Kazhdan–Margulis_theorem
Kelvin,Lord*,Helmholtz,Hermann,1868,Engineering,Fluid Mechanics,,,https://en.wikipedia.org/wiki/Kelvin–Helmholtz_instability
Kelvin,Lord*,Stokes,George,,Mathematics,Calculus,,,https://en.wikipedia.org/wiki/Stokes%27_theorem
Kennelly,Arthur,Heaviside,Oliver,1902,Physics,Atmospheric Physics,,,https://en.wikipedia.org/wiki/Kennelly–Heaviside_layer
Khinchin,Aleksandr,Kolmogorov,Andrey,1930,Mathematics,Probability/Statistics,,Norbert Wiener,https://en.wikipedia.org/wiki/Wiener–Khinchin_theorem
Kleene,Stephen,Brouwer,Luitzen,1923,Mathematics,,,"Nikolai Luzin, Wacław Sierpiński",https://en.wikipedia.org/wiki/Kleene–Brouwer_order#History
Kleene,Stephen,Mostowski,Andrzej,,,,,,https://en.wikipedia.org/wiki/Arithmetical_hierarchy
Kleene,Stephen,Rosser,John,1935,Mathematics,Logic,,,https://en.wikipedia.org/wiki/Kleene–Rosser_paradox
Klein,Oskar,Nishina,Yoshio,1928,Physics,Quantum Mechanics,,,https://en.wikipedia.org/wiki/Klein–Nishina_formula
Klein,Oskar,Gordon,Walter,1926,Physics,Quantum Mechanics,,,https://en.wikipedia.org/wiki/Klein–Gordon_equation
Knudsen,Martin,Langmuir,Irving,,Chemistry,,,,https://en.wikipedia.org/wiki/Hertz–Knudsen_equation
Kohn,Walter,Sham,Lu,1965,Physics,Quantum Mechanics,,,
Koksma,Jurjen,Hlawka,Edmund,,Mathematics,,,,https://en.wikipedia.org/wiki/Low-discrepancy_sequence#The_Koksma–Hlawka_inequality
Kolmogorov,Andrey,Smirnov,Nikolai,1933,Mathematics,Probability/Statistics,,,https://en.wikipedia.org/wiki/Kolmogorov–Smirnov_test
Koopman,Bernard,von Neumann,John,1931,Physics,Classical Mechanics,,,https://en.wikipedia.org/wiki/Koopman–von_Neumann_classical_mechanics
Korteweg,Diederik,de Vries,Gustav,1877,Mathematics,,,Boussinesq,https://en.wikipedia.org/wiki/Korteweg–de_Vries_equation
Kramers,Hans,Anderson,Philip,1934,Physics,Solid-State Physics,,,https://en.wikipedia.org/wiki/Superexchange
Kramers,Hans,Heisenberg,Werner,1925,Physics,,,,
Kramers,Hans,Kronig,Ralph,1926,Physics,Optics,,,https://en.wikipedia.org/wiki/Kramers–Kronig_relations
Kramers,Hans,Wannier,Gregory,1941,Physics,Statistical Mechanics,,,https://en.wikipedia.org/wiki/Kramers–Wannier_duality
Kronecker,Leopold,Weber,Heinrich,1853,Mathematics,Number Theory,,,https://en.wikipedia.org/wiki/Kronecker–Weber_theorem#History
Kronig,Ralph,Penney,William,1931,Physics,Solid-State Physics,,,
Kullback,Solomon,Leibler,Richard,1951,Mathematics,Information Theory,,,https://en.wikipedia.org/wiki/Kullback–Leibler_divergence
Lamb,Willis,Mössbauer,Rudolf,1959,Physics,Particle Physics,,,https://en.wikipedia.org/wiki/Lamb–Mössbauer_factor
Landau,Lev,Ginzburg,Vitaly,,Physics,,,,https://en.wikipedia.org/wiki/Ginzburg–Landau_theory
Landau,Edmund,Kolmogorov,Andrey,,Mathematics,,,,https://en.wikipedia.org/wiki/Landau–Kolmogorov_inequality
Landau,Lev,Levich,Veniamin,1942,Engineering,Fluid Mechanics,,,https://en.wikipedia.org/wiki/Landau–Levich_problem
Landau,Lev,Lifshitz,Evgeny,,Physics,Solid-State Physics,,,https://en.wikipedia.org/wiki/Landau–Lifshitz_model
Landau,Edmund,Ramanujan,Srinivasa,1908,Mathematics,Number Theory,,,https://en.wikipedia.org/wiki/Landau–Ramanujan_constant
Landau,Lev,Raychaudhuri,Amal,,Physics,Relativity,,,https://en.wikipedia.org/wiki/Raychaudhuri_equation
Landau,Lev,Squire,Herbert,1944,Engineering,Fluid Mechanics,,N. A. Slezkin,https://en.wikipedia.org/wiki/Landau–Squire_jet
Landau,Lev,Yang,Chen-Ning,1948,Physics,Particle Physics,,,https://en.wikipedia.org/wiki/Landau–Yang_theorem
Landau,Lev,Zener,Clarence,1932,Physics,Quantum Mechanics,,"Ernst Stueckelberg, Ettore Majorana",https://en.wikipedia.org/wiki/Landau–Zener_formula
Langlands,Robert,Deligne,Pierre,1970,Mathematics,Representation Theory,,,https://en.wikipedia.org/wiki/Langlands–Deligne_local_constant
Laplace,Pierre-Simon,Beltrami,Eugenio,,Mathematics,Geometry,operator,,https://en.wikipedia.org/wiki/Laplace–Beltrami_operator
Levy,Mel,Lieb,Elliott,1979,,,,,
Lie,Sophus,Kolchin,Ellis,1948,Mathematics,Group Theory,,,https://en.wikipedia.org/wiki/Lie–Kolchin_theorem
Lie,Sophus,Palais,Richard,1957,Mathematics,Group Theory,,,https://en.wikipedia.org/wiki/Lie–Palais_theorem
Lieb,Elliott,Oxford,Stephen,1981,,,,,
Lindemann,Ferdinand,Weierstrass,Karl,1882,Mathematics,Number Theory,theorem,,https://en.wikipedia.org/wiki/Lindemann–Weierstrass_theorem
Liouville,Joseph,Green,George,1837,Mathematics,,,Francesco Carlini,https://en.wikipedia.org/wiki/WKB_approximation
Lippmann,Bernard,Schwinger,Julian,1950,Physics,Quantum Mechanics,,,https://en.wikipedia.org/wiki/Lippmann–Schwinger_equation
Littlewood,John,Paley,Raymond,1931,Mathematics,Analysis,,,https://en.wikipedia.org/wiki/Littlewood–Paley_theory
Ljung,Greta,Box,George,1978,Mathematics,Probability/Statistics,,,https://en.wikipedia.org/wiki/Ljung–Box_test
Lorentz,Hendrik,Lorenz,Ludvig,1869,Physics,Optics,,,https://en.wikipedia.org/wiki/Clausius–Mossotti_relation#Lorentz–Lorenz_equation
Lotka,Alfred,Volterra,Vito,1910,Biology,,,,
Lyapunov,Aleksandr,Malkin,Ioel,,Mathematics,,,,https://en.wikipedia.org/wiki/Lyapunov–Malkin_theorem
Lyapunov,Aleksandr,Schmidt,Erhard,,Mathematics,,,,https://en.wikipedia.org/wiki/Lyapunov–Schmidt_reduction
Manin,Yuri,Drinefeld,Vladimir,,Mathematics,,,,https://en.wikipedia.org/wiki/Manin–Drinfeld_theorem
Manin,Yuri,Mumford,David,1972,Mathematics,,,,https://en.wikipedia.org/wiki/Arithmetic_of_abelian_varieties#Manin–Mumford_conjecture
Mathai,Varghese,Quillen,Daniel,1986,Physics,Quantum Field Theory,form,,https://en.wikipedia.org/wiki/Mathai–Quillen_formalism
Maurer,Ludwig,Cartan,Élie,1904,Mathematics,Group Theory,,,https://en.wikipedia.org/wiki/Maurer–Cartan_form
Maxwell,James,Boltzmann,Ludwig,1860,Physics,Statistical Mechanics,,,https://en.wikipedia.org/wiki/Maxwell–Boltzmann_distribution
Mellin,Hjalmar,Barnes,Ernest,1908,Mathematics,Analysis,,,https://en.wikipedia.org/wiki/Barnes_integral
Mermin,David,Wagner,Herbert,1966,Physics,Statistical Mechanics,,,https://en.wikipedia.org/wiki/Mermin–Wagner_theorem
Michaelis,Leonor,Gutmann,Carl,1902,Biology,,,,https://en.wikipedia.org/wiki/Michaelis–Gutmann_bodies
Michaelis,Leonor,Menten,Maud,,Biology,Biochemistry,,,https://en.wikipedia.org/wiki/Michaelis–Menten_kinetics
Minkowski,Hermann,Hlawka,Edmund,1911,Mathematics,Geometry,theorem,,https://en.wikipedia.org/wiki/Minkowski–Hlawka_theorem
Minkowski,Hermann,Steiner,Jakob,,Mathematics,Geometry,formula,,https://en.wikipedia.org/wiki/Minkowski–Steiner_formula
Metropolis,Nicholas,Hastings,Wilfred,1953,Mathematics,Numerics,algorithm,"Arianna W. Rosenbluth, Marshall Rosenbluth, Augusta H. Teller and Edward Teller",
Møller,Christian,Plesset,Milton,1934,Chemistry,Quantum Chemistry,,,https://en.wikipedia.org/wiki/Møller–Plesset_perturbation_theory
Moens,Adriaan,Korteweg,Diederik,1877,Biology,Biomechanics,equation,,https://en.wikipedia.org/wiki/Moens–Korteweg_equation
Mohr,Georg,Mascheroni,Lorenzo,1672,Mathematics,Geometry,theorem,,https://en.wikipedia.org/wiki/Mohr–Mascheroni_theorem#History
Morse,Marston,Palais,Richard,,Mathematics,,lemma,,https://en.wikipedia.org/wiki/Morse–Palais_lemma
Morse,Marston,Smale,Stephen,,Mathematics,,system,,https://en.wikipedia.org/wiki/Morse–Smale_system
Mostow,George,Palais,Richard,1957,Mathematics,Group Theory,theorem,,https://en.wikipedia.org/wiki/Mostow–Palais_theorem
Mott,Nevill,Bethe,Hans,1930,Physics,,formula,,https://en.wikipedia.org/wiki/Mott–Bethe_formula
Mott,Nevill,Gurney,Ronald,1940,Engineering,Materials,law,,https://en.wikipedia.org/wiki/Space_charge#Drift_regime_(Mott–Gurney_law)
Mullins,William,Sekerka,Robert,,Engineering,Materials,,,
Mumford,David,Shah,Jayant,1989,Mathematics,,functional,,https://en.wikipedia.org/wiki/Mumford–Shah_functional
Nabarro,Frank,Herring,Conyers,1950,Engineering,Materials,creep,,https://en.wikipedia.org/wiki/Nabarro–Herring_creep
Nambu,Jeffrey,Goldstone,Yoichiro,1960,Physics,Particle Physics,fermion,,https://en.wikipedia.org/wiki/Goldstone_boson#Nambu–Goldstone_fermions
Nambu,Jeffrey,Goto,Tetsuo,1970,Physics,String Theory,action,,https://en.wikipedia.org/wiki/Nambu–Goto_action#cite_note-1
Navier,Claude-Louis,Stokes,George,,Engineering,Fluid Mechanics,equation,,https://en.wikipedia.org/wiki/Navier–Stokes_equations
Nernst,Walther,Einstein,Albert,,Chemistry,Electrochemistry,equation,,
Nernst,Walther,Planck,Max,,Chemistry,Electrochemistry,equation,,https://en.wikipedia.org/wiki/Nernst–Planck_equation
Néron,André,Tate,John,1965,Mathematics,,height,,https://en.wikipedia.org/wiki/Néron–Tate_height
Newton,Isaac,Cartan,Élie,1923,Physics,,theory,,https://en.wikipedia.org/wiki/Newton–Cartan_theory
Newton,Isaac,Cotes,Roger,,Mathematics,Numerics,formula,,https://en.wikipedia.org/wiki/Newton–Cotes_formulas
Newton,Isaac,Raphson,Joseph,1690,Mathematics,Numerics,method,,https://en.wikipedia.org/wiki/Newton%27s_method
Nosé,Shuichi,Hoover,William,1985,Engineering,Simulation,algorithm,,
Nyquist,Harry,Shannon,Claude,1915,Mathematics,Information Theory,theorem,"E. T. Whittaker, Vladimir Kotelnikov",https://en.wikipedia.org/wiki/Nyquist–Shannon_sampling_theorem
Okubo,A,Weiss,Jeffrey,1970,Engineering,Fluid Mechanics,parameter,,https://en.wikipedia.org/wiki/Okubo-Weiss_parameter
Onsager,Lars,Machlup,S.,1953,Mathematics,Differential Equations,function,,https://en.wikipedia.org/wiki/Onsager–Machlup_function
Oppenheimer,Robert,Philips,Melba,1935,Physics,Particle Physics,process,,https://en.wikipedia.org/wiki/Oppenheimer–Phillips_process
Orr,William,Sommerfeld,Arnold,1907,Engineering,Fluid Mechanics,equation,,https://en.wikipedia.org/wiki/Orr–Sommerfeld_equation
Palais,Richard,Smale,Stephen,,Mathematics,,condition,,https://en.wikipedia.org/wiki/Palais–Smale_compactness_condition
Paley,Raymond,Wiener,Norbert,,Mathematics,,theorem,,https://en.wikipedia.org/wiki/Paley–Wiener_theorem
Paley,Raymond,Zygmund,Antoni,1932,Mathematics,Probability/Statistics,inequality,,https://en.wikipedia.org/wiki/Paley–Zygmund_inequality
Peach,,Koehler,James,1950,Engineering,Materials,force,,
Peierls,Rudolf,Nabarro,Frank,,Engineering,Materials,,,https://en.wikipedia.org/wiki/Peierls_stress
Penrose,Roger,Hawking,Stephen,,Physics,Cosmology,,,https://en.wikipedia.org/wiki/Penrose–Hawking_singularity_theorems
Peter,Fritz,Weyl,Hermann,1927,Mathematics,Harmonic Analysis,theorem,,https://en.wikipedia.org/wiki/Peter–Weyl_theorem
Phragmén,Lars,Brouwer,Luitzen,,Mathematics,Topology,theorem,,https://en.wikipedia.org/wiki/Phragmen–Brouwer_theorem
Phragmén,Lars,Lindelöf,Ernst,1908,Mathematics,,principle,,https://en.wikipedia.org/wiki/Phragmén–Lindelöf_principle
Picard,Émile,Lefschetz,Solomon,1897,Mathematics,Topology,theory,,https://en.wikipedia.org/wiki/Picard–Lefschetz_theory
Picard,Émile,Lindelöf,Ernst,,Mathematics,Differential Equations,theorem,,https://en.wikipedia.org/wiki/Picard–Lindelöf_theorem
Picard,Émile,Vessiot,Ernest,1898,Mathematics,,theory,,https://en.wikipedia.org/wiki/Picard–Vessiot_theory
Poincaré,Henri,Bjerknes,Vilhelm,1898,Engineering,Fluid Mechanics,,,https://en.wikipedia.org/wiki/Kelvin%27s_circulation_theorem#Poincaré–Bjerknes_circulation_theorem
Poincaré,Henri,Hopf,Heinz,,Mathematics,Topology,theorem,,https://en.wikipedia.org/wiki/Poincaré–Hopf_theorem
Poincaré,Henri,Lindstedt,Anders,,Mathematics,,method,,https://en.wikipedia.org/wiki/Poincaré–Lindstedt_method
Poisson,Siméon,Lie,Sophus,,Mathematics,Group Theory,group,,https://en.wikipedia.org/wiki/Poisson–Lie_group
Pólya,George,Szegö,Gábor,1951,Mathematics,Analysis,inequality,,https://en.wikipedia.org/wiki/Pólya–Szegő_inequality
Pólya,George,Vinogradov,Ivan,1918,Mathematics,,inequality,,https://en.wikipedia.org/wiki/Quadratic_residue#The_Pólya–Vinogradov_inequality
Poncelet,Jean-Victor,Steiner,Jakob,1833,Mathematics,Geometry,theorem,,https://en.wikipedia.org/wiki/Poncelet–Steiner_theorem
Poole,HH,Frenkel,Yakov,1938,Physics,Solid-State Physics,effect,,https://en.wikipedia.org/wiki/Poole–Frenkel_effect
Plateau,Joseph,Rayleigh,Lord*,1873,Engineering,Fluid Mechanics,instability,,https://en.wikipedia.org/wiki/Plateau–Rayleigh_instability
Prandtl,Ludwig,Batchelor,George,1904,Engineering,Fluid Mechanics,theorem,,https://en.wikipedia.org/wiki/Prandtl–Batchelor_theorem
Prandtl,Ludwig,Meyer,Theodor,1908,Engineering,Supersonics,,,https://en.wikipedia.org/wiki/Prandtl–Meyer_expansion_fan
Quillen,Daniel,Suslin,Andrei,1976,Mathematics,Algebra,theorem,,https://en.wikipedia.org/wiki/Quillen–Suslin_theorem
Ramanujan,Srinivasa,Sato,T,2002,Mathematics,Number Theory,series,,https://en.wikipedia.org/wiki/Ramanujan–Sato_series#cite_note-Sato-7
Ramanujan,Srinivasa,Soldner,Johann,,Mathematics,,constant,,https://en.wikipedia.org/wiki/Ramanujan–Soldner_constant
Rao,Calyampudi,Blackwell,David,1947,Mathematics,Probability/Statistics,theorem,,https://en.wikipedia.org/wiki/Rao–Blackwell_theorem
Rayleigh,Lord*,Bénard,Henri,1916,Engineering,Fluid Mechanics,,,https://en.wikipedia.org/wiki/Rayleigh–Bénard_convection#Rayleigh–Bénard_instability
Rayleigh,Lord*,Jeans,James,1905,Physics,,law,,https://en.wikipedia.org/wiki/Rayleigh–Jeans_law
Rayleigh,Lord*,Lorentz,Hendrik,1902,Physics,Classical Mechanics,pendulum,,https://en.wikipedia.org/wiki/Rayleigh–Lorentz_pendulum
Rayleigh,Lord*,Plesset,Milton,1917,Engineering,Fluid Mechanics,equation of state,W. H. Besant,https://en.wikipedia.org/wiki/Rayleigh–Plesset_equation
Rayleigh,Lord*,Ritz,Walther,1908,Mathematics,,method,,https://en.wikipedia.org/wiki/Rayleigh–Ritz_method
Rayleigh,Lord*,Schrödinger,Erwin,1926,Physics,Quantum Mechanics,,,https://en.wikipedia.org/wiki/Perturbation_theory_(quantum_mechanics)
Rayleigh,Lord*,Taylor,Geoffrey,1883,Engineering,Fluid Mechanics,instability,,https://en.wikipedia.org/wiki/Rayleigh–Taylor_instability
Renner,Rudolf,Teller,Edward,1934,Physics,AMO,effect,,https://en.wikipedia.org/wiki/Renner–Teller_effect
Richtmyer,Robert,Meshkov,,1969,Engineering,Fluid Mechanics,instability,,https://en.wikipedia.org/wiki/Richtmyer–Meshkov_instability
Riemann,Bernhard,Hilbert,David,,Mathematics,,problem,,https://en.wikipedia.org/wiki/Riemann–Hilbert_problem
Riemann,Bernhard,Lebesgue,Henri,,,,lemma,,https://en.wikipedia.org/wiki/Riemann–Lebesgue_lemma
Riemann,Bernhard,Liouville,Joseph,,Mathematics,,integral,,https://en.wikipedia.org/wiki/Riemann–Liouville_integral
Riemann,Bernhard,Roch,Gustav,1865,Mathematics,Analysis,theorem,,https://en.wikipedia.org/wiki/Riemann–Roch_theorem
Riemann,Bernhard,Stieltjes,Thomas,1884,Mathematics,,integral,,https://en.wikipedia.org/wiki/Riemann–Stieltjes_integral
Rogers,Leonard,Ramanujan,Srinivasa,1894,Mathematics,,identity,,https://en.wikipedia.org/wiki/Rogers–Ramanujan_identities
Rogers,Leonard,Szegö,Gábor,1926,Mathematics,,polynomial,,https://en.wikipedia.org/wiki/Rogers–Szegő_polynomials
Rubin,Vera,Ford,William,1976,Physics,Astrophysics,effect,"Norbert Thonnard, Morton Roberts, John Graham",https://en.wikipedia.org/wiki/Rubin–Ford_effect
Ruddlesden,S.N.,Popper,P.,1957,Engineering,Materials,phase,,https://en.wikipedia.org/wiki/Ruddlesden-Popper_phase
Runge,Carl,Kutta,Wilhelm,1900,Mathematics,Numerics,method,,
Sackur,Otto,Tetrode,Hugo,1912,Physics,Thermodynamics,equation,,https://en.wikipedia.org/wiki/Sackur–Tetrode_equation
Saffman,Philip,Taylor,Geoffrey,1958,Engineering,Fluid Mechanics,instability,,https://en.wikipedia.org/wiki/Saffman–Taylor_instability
Sato,Mikio,Tate,John,1960,Mathematics,Geometry,conjecture,,https://en.wikipedia.org/wiki/Sato–Tate_conjecture
Schönberg,Mario,Chandrasekhar,Subrahmanyan,1942,Physics,Astrophysics,limit,,https://en.wikipedia.org/wiki/Schönberg–Chandrasekhar_limit
Schottky,Friedrich,Klein,Felix,,Mathematics,Geometry,form,,https://en.wikipedia.org/wiki/Prime_form
Schottky,Walter,Mott,Nevill,,Engineering,Materials,rule,,https://en.wikipedia.org/wiki/Metal–semiconductor_junction#Schottky–Mott_rule_and_Fermi_level_pinning
Serre,Jean-Pierre,Swan,Richard,1955,Mathematics,Topology,theorem,,https://en.wikipedia.org/wiki/Serre–Swan_theorem
Serre,Jean-Pierre,Tate,John,1964,Mathematics,Group Theory,theorem,,https://en.wikipedia.org/wiki/Serre–Tate_theorem
Shannon,Claude,Hartley,Ralph,1948,Mathematics,Information Theory,theorem,,https://en.wikipedia.org/wiki/Shannon–Hartley_theorem#Historical_development
Shannon,Claude,Weaver,Warren,1948,Mathematics,Information Theory,model,,https://en.wikipedia.org/wiki/Shannon–Weaver_model
Shockley,William,Queisser,Hans-Joachim,1961,Engineering,Electronics,limit,,https://en.wikipedia.org/wiki/Shockley–Queisser_limit
Shubnikov,Lev,de Haas,Wander,1930,Physics,Magnetism,effect,,https://en.wikipedia.org/wiki/Shubnikov–de_Haas_effect
Slater,John,Condon,Edward,1930,Chemistry,Quantum Chemistry,rule,,https://en.wikipedia.org/wiki/Slater–Condon_rules
Slater,John,Koster,George,1954,Physics,Solid-State Physics,,,https://en.wikipedia.org/wiki/Tight_binding
Slepian,David,Wolf,Jack,1973,Mathematics,Information Theory,coding,,https://en.wikipedia.org/wiki/Slepian–Wolf_coding
Snell,Willebrord,Descartes,René,984,Physics,Optics,law,Ibn Sahl,https://en.wikipedia.org/wiki/Snell%27s_law
Snell,Willebrord,Pothenot,Laurent,1615,Mathematics,Geometry,problem,,https://en.wikipedia.org/wiki/Snellius–Pothenot_problem
Sommerfeld,Arnold,Kossel,Walther,1919,Physics,AMO,law,,https://en.wikipedia.org/wiki/Sommerfeld–Kossel_displacement_law
Stallings,John,Swan,Richard,,Mathematics,Group Theory,theorem,,https://en.wikipedia.org/wiki/Cohomological_dimension#Examples
Stark,Johannes,Einstein,Alfred,1908,Chemistry,Photochemistry,law,,https://en.wikipedia.org/wiki/Photoelectrochemical_process#Stark–Einstein_law
Stefan,Josef,Boltzmann,Ludwig,1884,Physics,,law,,https://en.wikipedia.org/wiki/Stefan–Boltzmann_law#History
Steiner,Jakob,Lehmus,Daniel,,Mathematics,Geometry,theorem,,https://en.wikipedia.org/wiki/Steiner–Lehmus_theorem
Stern,Otto,Gerlach,Walther,1921,Physics,Quantum Mechanics,experiment,,https://en.wikipedia.org/wiki/Stern–Gerlach_experiment
Stern,Otto,Volmer,Max,,Chemistry,Photochemistry,relationship,,https://en.wikipedia.org/wiki/Stern–Volmer_relationship
Stokes,George,Einstein,Albert,1905,Engineering,Fluid Mechanics,equation,Sutherland,https://thermopedia.com/content/1156/
Stone,Marshall,Čech,Eduard,1937,Mathematics,Topology,compactification,,https://en.wikipedia.org/wiki/Stone–Čech_compactification
Stone,Marshall,von Neumann,John,1931,Physics,Quantum Mechanics,theorem,,https://en.wikipedia.org/wiki/Stone–von_Neumann_theorem#CITEREFvon_Neumann1931
Stone,Marshall,Weierstrass,Karl,1885,Mathematics,Analysis,theorem,,https://en.wikipedia.org/wiki/Stone–Weierstrass_theorem
Stoner,Edmund,Wohlfarth,Erich,1948,Physics,Solid-State Physics,model,,https://en.wikipedia.org/wiki/Stoner–Wohlfarth_model
Streeter,H. W.,Phelps,Earle,1925,Engineering,Civil/Environmental Engineering,equation,,https://en.wikipedia.org/wiki/Streeter–Phelps_equation
Stuart,John,Landau,Lev,1944,Engineering,Fluid Mechanics,equation,,https://en.wikipedia.org/wiki/Stuart–Landau_equation
Sturm,Jacques,Liouville,Joseph,,Mathematics,,theory,,https://en.wikipedia.org/wiki/Sturm–Liouville_theory
Tate,John,Farrell,Thomas,1977,Mathematics,Group Theory,cohomology,,https://en.wikipedia.org/wiki/Tate_cohomology_group#Tate-Farrell_cohomology
Taylor,Geoffrey,Couette,Maurice,,Engineering,Fluid Mechanics,flow,,https://en.wikipedia.org/wiki/Taylor–Couette_flow
Taylor,Geoffrey,Goldstein,Sydney,1931,Engineering,Fluid Mechanics,equation,B. Haurwitz,https://en.wikipedia.org/wiki/Taylor–Goldstein_equation
Taylor,Geoffrey,Green,Albert,1937,Engineering,Fluid Mechanics,vortex,,https://en.wikipedia.org/wiki/Taylor–Green_vortex
Taylor,Geoffrey,Proudman,Joseph,1916,Engineering,Fluid Mechanics,theorem,,https://en.wikipedia.org/wiki/Taylor–Proudman_theorem
Teller,Edward,Ulam,Stanisław,1951,Engineering,,design,,https://en.wikipedia.org/wiki/History_of_the_Teller–Ulam_design
Thue,Axel,Morse,Marston,1906,Mathematics,,sequence,Eugène Prouhet,https://en.wikipedia.org/wiki/Thue–Morse_sequence#History
von Kármán,Theodore,Howarth,Leslie,1938,Engineering,Fluid Mechanics,equation,,https://en.wikipedia.org/wiki/Kármán–Howarth_equation
von Mises,Richard,Fisher,Ronald,1953,Mathematics,Probability/Statistics,distribution,,https://en.wikipedia.org/wiki/von_Mises–Fisher_distribution
von Neumann,John,Morgenstern,Oskar,1947,Economics,,theorem,,https://en.wikipedia.org/wiki/von_Neumann–Morgenstern_utility_theorem
von Neumann,John,Mullins,William,1956,Engineering,Materials,,,
Wang,Fugao,Landau,David,2001,Mathematics,Numerics,algorithm,,https://en.wikipedia.org/wiki/Wang_and_Landau_algorithm
Wannier,Gregory,Mott,Nevill,1937,Physics,Solid-State Physics,exciton,,https://en.wikipedia.org/wiki/Exciton#Wannier–Mott_exciton
Weierstrass,Karl,Enneper,Alfred,1863,Mathematics,Geometry,parameterization,,https://en.wikipedia.org/wiki/Weierstrass–Enneper_parameterization
Wiedemann,Gustav,Franz,Rudolph,1853,Physics,Solid-State Physics,law,,
Whittaker,Edmund,Shannon,Claude,1898,Mathematics,Information Theory,formula,Borel,https://en.wikipedia.org/wiki/Whittaker–Shannon_interpolation_formula
Wiener,Norbert,Hopf,Eberhard,1931,Mathematics,,method,,https://encyclopediaofmath.org/index.php?title=Wiener-Hopf_method
Wiener,Norbert,Ikehara,Shikao,1931,Mathematics,Number Theory,theorem,,https://en.wikipedia.org/wiki/Wiener–Ikehara_theorem
Wiener,Norbert,Khinchin,Aleksandr,1930,Mathematics,Probability/Statistics,theorem,,https://en.wikipedia.org/wiki/Wiener–Khinchin_theorem
Wiener,Norbert,Wintner,Aurel,1941,Mathematics,Probability/Statistics,theorem,,https://en.wikipedia.org/wiki/Wiener–Wintner_theorem
Wigner,Eugene,Seitz,Frederick,1933,Physics,Solid-State Physics,cell,,https://en.wikipedia.org/wiki/Wigner–Seitz_cell
Yang,Chen-Ning,Mills,Robert,1954,Physics,Particle Physics,theory,,https://en.wikipedia.org/wiki/Yang–Mills_theory#History_and_theoretical_description
Young,Thomas,Helmholtz,Hermann,1850,Biology,,theory,,https://en.wikipedia.org/wiki/Young–Helmholtz_theory
Young,Thomas,Laplace,Pierre-Simon,1830,Engineering,Fluid Mechanics,equation,Gauss,https://en.wikipedia.org/wiki/Young–Laplace_equation
Zener,Clarence,Hollomon,John,,Engineering,Materials,parameter,,https://en.wikipedia.org/wiki/Zener–Hollomon_parameter